film_id,length,rating,"Average Rental Duration",Num_film_rentals,Rental_month,Category
1,86,PG,6,9,8,Documentary
2,48,G,3,4,8,Horror
3,50,NC-17,7,6,8,Documentary
4,117,G,5,6,8,Horror
5,130,G,6,3,8,Family
6,169,PG,3,9,8,Foreign
7,62,PG-13,6,7,8,Comedy
8,54,R,6,5,8,Horror
9,114,PG-13,3,5,8,Horror
10,63,NC-17,6,11,8,Sports
11,126,G,6,9,8,Foreign
12,136,PG,6,8,8,Music
13,150,PG,4,4,8,Horror
15,46,NC-17,5,9,8,Foreign
16,180,NC-17,6,6,8,Foreign
17,82,R,3,8,8,Music
18,57,PG-13,6,6,8,Animation
19,113,PG,6,7,8,Action
20,79,R,4,3,8,Music
21,129,R,3,8,8,Action
22,85,G,6,8,8,New
23,92,R,3,5,8,Animation
24,181,R,6,4,8,Horror
25,74,G,3,8,8,New
26,86,G,3,7,8,Sci-Fi
27,179,NC-17,7,6,8,Sports
28,91,PG-13,5,3,8,Comedy
29,168,NC-17,5,2,8,Action
30,82,R,4,4,8,Horror
31,92,NC-17,5,11,8,Family
32,119,R,6,2,8,New
34,62,NC-17,6,6,8,Horror
35,147,PG-13,4,7,8,Horror
37,121,PG,3,12,8,Classics
39,99,G,5,6,8,Sci-Fi
40,148,R,4,5,8,Documentary
42,170,NC-17,5,4,8,Sports
43,170,G,6,10,8,Family
44,113,PG-13,5,6,8,Sci-Fi
45,83,PG-13,5,10,8,New
46,108,G,3,3,8,Games
47,153,NC-17,5,3,8,Foreign
48,118,PG-13,3,4,8,Children
49,162,R,6,6,8,Sci-Fi
50,182,G,3,4,8,Family
51,75,NC-17,5,9,8,Music
52,173,G,6,3,8,Foreign
53,87,NC-17,5,2,8,Family
54,113,R,5,7,8,Music
55,65,G,6,9,8,Sci-Fi
56,129,G,6,6,8,Action
57,90,PG-13,4,8,8,Travel
58,122,G,6,6,8,Documentary
59,160,R,4,7,8,Children
60,89,R,3,3,8,Classics
61,175,G,5,8,8,Drama
62,106,NC-17,5,3,8,Documentary
63,73,PG,6,5,8,Family
64,151,PG-13,6,3,8,Drama
65,100,PG,3,5,8,Horror
66,53,NC-17,6,5,8,Children
67,77,PG-13,5,6,8,Action
68,122,NC-17,5,6,8,Children
69,85,R,3,10,8,Sci-Fi
70,142,NC-17,7,6,8,Animation
71,100,PG-13,3,5,8,Family
72,93,PG,6,10,8,Documentary
73,150,PG-13,5,11,8,Sci-Fi
74,162,PG,4,6,8,Music
75,163,G,6,3,8,Travel
76,103,NC-17,4,4,8,Music
77,61,G,5,7,8,New
78,85,PG,7,8,8,Animation
79,114,PG-13,5,5,8,Drama
80,148,G,7,5,8,Family
81,103,PG-13,6,6,8,Sci-Fi
82,71,G,3,2,8,Family
83,50,G,5,6,8,Family
84,102,PG,7,6,8,Travel
85,63,G,4,4,8,Documentary
86,121,R,6,8,8,Music
88,179,PG,7,5,8,Travel
89,63,G,7,6,8,Animation
90,63,R,3,6,8,New
91,98,PG,5,10,8,Classics
92,72,NC-17,7,5,8,Horror
93,121,PG,4,5,8,New
94,176,PG-13,7,3,8,Family
95,123,G,5,7,8,New
96,169,PG-13,4,4,8,New
97,56,G,7,6,8,Action
98,73,PG-13,4,3,8,Drama
99,136,PG,7,9,8,Comedy
100,161,R,7,7,8,Foreign
101,73,R,3,6,8,Documentary
102,60,R,4,3,8,Sports
103,133,PG,7,10,8,Travel
104,119,G,4,3,8,Foreign
105,125,NC-17,6,7,8,Action
106,61,G,4,2,8,Games
107,63,G,4,2,8,Drama
109,89,G,3,8,8,New
110,53,NC-17,4,4,8,Children
111,52,NC-17,3,5,8,Action
112,120,NC-17,4,9,8,Foreign
113,75,NC-17,4,4,8,Sports
114,61,NC-17,3,7,8,Sci-Fi
115,167,R,5,11,8,Action
116,70,R,4,8,8,Classics
117,135,NC-17,6,6,8,Games
118,85,R,7,8,8,Animation
119,176,G,6,10,8,Comedy
120,92,NC-17,3,4,8,Sports
121,151,PG,4,8,8,Animation
122,114,PG,7,12,8,Horror
123,85,G,6,8,8,Travel
124,163,PG-13,3,5,8,Children
125,61,NC-17,5,2,8,Travel
126,179,G,3,3,8,Action
127,112,G,5,12,8,Comedy
129,179,R,3,9,8,Documentary
130,110,PG-13,7,8,8,Action
131,152,PG,5,6,8,Classics
132,114,PG,6,8,8,Sci-Fi
133,117,NC-17,7,4,8,Music
134,51,PG,4,6,8,Animation
135,70,R,3,10,8,Sports
136,146,NC-17,7,3,8,New
137,66,PG,3,5,8,Sci-Fi
138,71,R,5,6,8,Sci-Fi
139,114,PG,7,7,8,Family
140,87,G,6,7,8,Sci-Fi
141,185,PG-13,6,6,8,Games
142,122,PG,3,6,8,Documentary
143,142,PG,6,8,8,Drama
145,124,G,5,3,8,Family
146,107,G,6,3,8,Drama
147,101,NC-17,5,8,8,Family
149,150,NC-17,7,9,8,Children
150,101,PG,7,8,8,Documentary
151,143,NC-17,5,6,8,Sci-Fi
152,90,PG-13,5,5,8,Children
153,165,G,7,6,8,Sci-Fi
154,81,G,6,10,8,Animation
155,150,PG-13,6,4,8,New
156,164,G,3,3,8,Documentary
157,143,PG-13,7,3,8,Children
158,124,R,6,6,8,Music
159,58,R,5,10,8,Comedy
160,65,PG-13,4,6,8,Animation
161,70,NC-17,6,2,8,Music
162,95,R,4,9,8,Action
163,139,PG-13,4,4,8,New
164,55,PG,4,7,8,Documentary
165,70,G,7,5,8,Sci-Fi
166,149,G,6,7,8,Classics
167,109,NC-17,6,9,8,Travel
168,67,R,5,2,8,Children
169,76,NC-17,3,6,8,Travel
170,120,PG-13,5,9,8,Foreign
172,112,NC-17,7,8,8,Drama
173,65,PG-13,7,5,8,Drama
174,180,NC-17,6,10,8,Music
175,122,PG-13,3,7,8,Family
176,87,PG-13,6,9,8,Sports
177,172,R,4,3,8,Sci-Fi
178,115,G,6,1,8,Comedy
179,173,G,4,4,8,Drama
180,184,PG-13,4,2,8,Classics
181,166,PG-13,7,10,8,Travel
182,185,G,7,3,8,Comedy
183,112,R,4,7,8,Family
184,92,PG-13,3,6,8,Classics
185,146,PG,3,2,8,Foreign
186,64,NC-17,6,5,8,Drama
187,57,NC-17,5,5,8,Sports
188,136,PG,7,4,8,Comedy
189,139,NC-17,3,7,8,Games
190,172,NC-17,5,5,8,Classics
191,143,PG-13,6,9,8,Children
193,153,G,5,10,8,Animation
194,104,PG,6,4,8,Action
196,69,G,7,3,8,Classics
197,112,R,4,3,8,Sports
199,56,R,4,11,8,Documentary
200,133,PG-13,7,8,8,Games
201,176,PG,7,5,8,Foreign
202,161,G,5,3,8,Comedy
203,84,G,5,5,8,Sci-Fi
204,106,PG,4,6,8,Drama
205,58,NC-17,3,5,8,Action
206,144,G,6,9,8,Documentary
207,121,PG,7,5,8,Foreign
208,89,PG-13,7,3,8,Animation
209,99,NC-17,6,6,8,Drama
210,130,NC-17,3,4,8,Action
211,165,PG-13,7,2,8,Games
212,185,G,7,6,8,Action
213,104,R,4,5,8,Family
214,59,PG-13,3,7,8,Children
215,57,PG,4,9,8,Games
216,113,G,3,6,8,New
218,122,NC-17,7,8,8,Drama
219,51,PG-13,6,4,8,Documentary
220,106,NC-17,7,9,8,Music
222,64,R,4,8,8,Horror
223,76,NC-17,7,2,8,Animation
224,81,G,7,2,8,Travel
225,76,PG-13,3,3,8,Drama
226,56,G,4,6,8,New
227,88,R,4,6,8,Games
228,143,PG-13,4,8,8,Classics
229,87,R,6,5,8,Action
230,107,G,7,3,8,Drama
231,63,R,7,13,8,Family
232,147,NC-17,7,8,8,Games
233,141,PG,3,9,8,Travel
234,94,R,6,8,8,Sci-Fi
235,68,PG-13,6,8,8,Sci-Fi
236,100,R,4,4,8,Games
237,47,G,3,2,8,Sports
238,57,G,4,2,8,Children
239,122,G,5,9,8,Animation
240,120,PG-13,7,4,8,Sci-Fi
241,125,NC-17,4,4,8,Animation
242,68,R,4,5,8,Comedy
243,49,NC-17,3,8,8,Animation
244,139,NC-17,5,13,8,Music
245,177,R,4,9,8,Animation
246,154,R,5,4,8,Foreign
247,47,G,3,9,8,Comedy
248,177,NC-17,6,3,8,Documentary
249,176,G,7,10,8,Classics
250,170,NC-17,4,6,8,Action
251,133,NC-17,6,5,8,New
252,135,PG,6,6,8,Action
253,61,PG-13,5,5,8,Action
254,159,PG-13,4,7,8,Sports
255,175,NC-17,6,8,8,Music
256,178,R,6,3,8,Sports
257,110,G,3,3,8,Travel
258,96,PG,6,6,8,Horror
259,116,NC-17,4,3,8,Animation
260,132,G,3,5,8,Sports
261,171,G,5,2,8,Documentary
262,119,NC-17,5,3,8,Family
263,154,R,6,9,8,Sports
264,101,G,6,2,8,Games
265,168,PG,5,8,8,Comedy
266,141,PG-13,4,12,8,Classics
267,140,NC-17,4,9,8,New
268,96,NC-17,6,3,8,Animation
269,98,R,3,6,8,Family
270,85,NC-17,7,9,8,New
271,148,G,5,6,8,Action
272,153,NC-17,5,5,8,Drama
273,107,PG,6,7,8,Family
274,67,PG,4,9,8,Documentary
275,85,PG,3,6,8,Horror
276,115,NC-17,6,5,8,Comedy
277,126,PG-13,4,3,8,Horror
278,155,NC-17,4,2,8,Music
279,152,NC-17,7,2,8,Sports
280,177,G,7,8,8,Children
281,143,G,6,9,8,Games
282,92,NC-17,5,8,8,Drama
283,85,NC-17,6,3,8,New
284,77,NC-17,5,9,8,Music
285,51,PG-13,3,10,8,Sci-Fi
286,158,NC-17,7,6,8,Travel
287,176,R,5,6,8,Action
288,167,R,7,6,8,Travel
289,66,G,5,3,8,New
290,163,PG,4,4,8,Foreign
291,174,PG-13,5,5,8,Sports
292,51,G,3,9,8,Action
293,167,G,6,6,8,Sports
294,138,PG-13,5,6,8,Travel
295,97,PG,3,8,8,Documentary
296,178,R,5,4,8,Sci-Fi
297,122,G,6,2,8,Classics
298,172,PG-13,4,6,8,Sci-Fi
299,144,PG-13,4,4,8,Travel
300,102,PG-13,5,7,8,Animation
301,155,R,4,8,8,Horror
302,131,G,5,8,8,Games
303,58,PG-13,6,7,8,Action
304,130,G,3,6,8,Children
305,91,PG,6,8,8,New
306,104,PG-13,3,4,8,Games
307,77,NC-17,6,9,8,Travel
308,142,PG,3,6,8,Comedy
309,98,R,6,7,8,Family
310,158,R,5,3,8,Games
311,72,PG,4,8,8,Foreign
312,75,R,4,3,8,Sci-Fi
313,118,G,5,7,8,Horror
314,91,R,3,8,8,Animation
315,156,R,4,5,8,Family
316,173,R,5,4,8,Games
317,148,PG,4,11,8,Comedy
319,125,R,4,9,8,Sci-Fi
320,80,PG-13,4,10,8,New
321,123,NC-17,3,5,8,New
322,100,G,5,8,8,Sports
323,179,R,7,6,8,Sports
324,148,PG-13,3,5,8,Comedy
326,69,NC-17,6,9,8,Animation
327,158,PG,3,7,8,Action
328,131,NC-17,7,6,8,Children
329,63,R,4,10,8,Action
330,112,NC-17,7,11,8,Animation
331,90,NC-17,6,11,8,Games
333,126,R,7,4,8,Music
334,65,NC-17,6,8,8,Horror
335,133,PG-13,5,2,8,Comedy
336,99,PG,5,7,8,Documentary
337,73,R,6,4,8,Foreign
338,51,PG,6,3,8,Sci-Fi
339,111,R,5,6,8,Travel
340,183,PG-13,6,2,8,New
341,82,PG,5,10,8,Classics
342,83,R,7,6,8,Travel
343,94,PG,6,2,8,Children
344,178,PG-13,3,6,8,Children
345,161,PG,3,5,8,Family
346,128,R,4,7,8,Classics
347,119,PG-13,7,4,8,Travel
348,86,PG-13,7,5,8,Family
349,185,PG-13,4,9,8,Animation
350,80,G,3,10,8,Sci-Fi
351,106,PG,4,6,8,Horror
352,176,PG-13,4,6,8,Games
353,125,NC-17,6,7,8,Foreign
354,85,G,6,4,8,Children
355,101,R,7,3,8,Animation
356,102,R,5,11,8,Children
357,114,G,7,4,8,Classics
358,163,R,5,11,8,Classics
360,103,G,4,6,8,Action
361,89,NC-17,5,11,8,Sports
362,115,PG-13,7,3,8,Games
363,54,R,3,8,8,Music
364,73,NC-17,3,4,8,New
365,154,R,4,6,8,Comedy
366,93,G,3,8,8,Drama
367,153,R,6,9,8,Sci-Fi
368,84,R,7,4,8,Drama
369,56,PG,4,11,8,Sci-Fi
370,108,R,4,4,8,Children
371,129,G,5,3,8,Action
372,140,R,5,3,8,Sports
373,156,G,7,5,8,Children
374,117,PG,3,7,8,Sci-Fi
375,85,NC-17,4,1,8,Action
376,155,G,4,7,8,Foreign
377,135,G,7,8,8,Family
378,93,NC-17,5,9,8,Music
379,166,R,7,4,8,Drama
380,176,PG,7,7,8,Foreign
381,150,R,7,7,8,Games
382,137,PG,3,9,8,Games
383,111,NC-17,6,5,8,Sports
384,49,R,5,4,8,Music
385,139,PG-13,6,5,8,Comedy
387,100,G,7,8,8,Games
388,70,NC-17,5,4,8,Comedy
389,127,PG-13,3,6,8,Sports
390,84,R,4,3,8,Sci-Fi
391,146,PG-13,6,6,8,Family
392,51,NC-17,5,7,8,Children
393,47,PG-13,6,2,8,Documentary
394,146,R,7,5,8,Sci-Fi
395,108,R,4,10,8,Action
396,62,G,5,7,8,Drama
397,107,NC-17,5,9,8,Sci-Fi
398,47,NC-17,5,3,8,Music
399,100,G,6,2,8,Foreign
400,72,R,7,2,8,Documentary
401,168,NC-17,6,3,8,Drama
402,52,G,3,8,8,Animation
403,121,PG-13,5,8,8,Drama
405,76,NC-17,6,1,8,Travel
406,181,R,5,7,8,Games
407,47,PG-13,5,3,8,Documentary
408,69,R,4,9,8,Games
409,59,G,3,9,8,Children
410,48,PG,7,8,8,Comedy
411,49,NC-17,5,4,8,Music
412,102,G,6,10,8,Documentary
413,169,NC-17,7,5,8,Comedy
414,75,PG,3,6,8,Foreign
415,84,R,3,8,8,Horror
416,110,R,6,7,8,Foreign
417,93,G,5,8,8,Action
418,157,PG-13,5,12,8,Drama
420,128,PG,7,5,8,Sports
421,78,PG-13,7,5,8,Foreign
422,136,NC-17,7,2,8,Sci-Fi
423,69,PG,7,6,8,Children
424,149,R,6,8,8,Children
425,88,R,6,2,8,Classics
426,185,R,7,4,8,Music
427,103,R,5,5,8,Documentary
428,141,PG-13,6,8,8,Family
429,84,R,3,8,8,Sports
430,49,G,7,4,8,Animation
431,176,G,3,3,8,Foreign
432,139,NC-17,4,6,8,Classics
433,95,PG,4,7,8,Animation
434,139,R,3,10,8,Travel
435,181,PG-13,6,3,8,Foreign
436,122,NC-17,4,8,8,New
437,109,R,7,8,8,Family
438,68,NC-17,3,8,8,Games
439,151,PG-13,4,5,8,Drama
440,105,G,6,5,8,Foreign
441,125,PG-13,5,3,8,Documentary
442,65,NC-17,6,6,8,Family
443,49,PG,6,8,8,Comedy
444,83,NC-17,3,10,8,Comedy
445,100,G,5,7,8,Classics
446,150,PG,5,6,8,Sports
447,131,R,5,11,8,Games
448,172,PG-13,3,6,8,New
449,119,PG-13,4,4,8,Sci-Fi
450,84,NC-17,5,9,8,Children
451,160,NC-17,7,5,8,Travel
452,122,R,4,6,8,Foreign
453,178,PG-13,3,6,8,Sports
454,180,PG-13,6,3,8,Music
455,103,NC-17,7,5,8,Foreign
456,167,NC-17,6,7,8,Animation
457,157,NC-17,5,6,8,Documentary
458,135,NC-17,4,8,8,Family
459,74,NC-17,4,2,8,Foreign
460,178,PG-13,3,10,8,Foreign
461,123,NC-17,3,7,8,Animation
462,78,NC-17,5,3,8,Music
463,116,PG,4,6,8,Sports
464,107,PG-13,3,6,8,Animation
465,59,R,4,5,8,New
466,63,PG-13,6,2,8,Documentary
467,181,G,6,9,8,Foreign
468,97,PG,5,9,8,Children
469,46,PG,7,4,8,Classics
470,79,R,4,2,8,Animation
471,84,NC-17,7,8,8,Classics
472,174,G,3,2,8,Travel
473,181,PG-13,5,7,8,Drama
474,174,NC-17,6,7,8,Sports
475,135,G,6,3,8,Horror
476,130,NC-17,5,8,8,Family
477,118,PG,5,3,8,Music
478,112,G,4,7,8,Comedy
479,128,PG,7,7,8,Family
480,84,R,3,5,8,Classics
481,58,PG,4,10,8,New
482,102,R,3,3,8,Classics
483,171,NC-17,3,7,8,Games
484,172,NC-17,3,11,8,Classics
485,60,PG,6,3,8,Children
486,59,R,7,7,8,Foreign
487,124,PG-13,6,5,8,Classics
488,105,NC-17,3,6,8,Sports
489,54,PG-13,4,10,8,Animation
490,121,G,4,2,8,New
491,74,NC-17,4,9,8,Children
492,134,NC-17,6,3,8,New
493,92,R,5,3,8,Foreign
494,120,PG-13,4,9,8,Horror
496,179,PG-13,3,5,8,Travel
498,161,R,7,2,8,Family
499,184,NC-17,3,2,8,Family
500,163,PG-13,5,12,8,Foreign
501,141,R,3,6,8,Action
502,71,PG-13,4,9,8,Comedy
503,171,R,3,3,8,Sports
504,46,PG-13,5,6,8,Drama
505,46,PG-13,6,4,8,Children
506,67,PG,4,5,8,Horror
507,113,NC-17,4,3,8,Games
508,144,PG-13,6,3,8,Games
509,78,NC-17,5,4,8,Children
510,181,G,6,4,8,Animation
511,175,NC-17,7,5,8,Action
512,110,PG-13,5,8,8,Classics
513,153,PG-13,6,2,8,Travel
514,69,PG-13,6,7,8,Drama
515,113,PG,7,2,8,Children
516,59,PG,7,3,8,Music
517,167,NC-17,3,2,8,Sports
518,140,PG,5,8,8,Travel
519,138,G,3,7,8,Sports
520,91,NC-17,7,3,8,Sci-Fi
521,147,NC-17,7,9,8,Drama
522,137,NC-17,4,3,8,Comedy
523,174,R,7,2,8,Classics
524,50,PG,6,8,8,Comedy
525,140,R,4,9,8,Classics
526,120,R,7,7,8,Travel
527,85,PG,4,7,8,Horror
528,155,NC-17,4,5,8,Family
529,67,G,3,4,8,Comedy
530,108,PG-13,5,4,8,Action
531,137,R,3,9,8,Foreign
532,80,PG,5,4,8,Sports
533,98,PG-13,4,4,8,Foreign
534,70,PG-13,5,6,8,Family
535,181,R,6,4,8,Horror
536,65,PG,3,5,8,Classics
537,75,G,3,3,8,Classics
538,162,PG-13,7,3,8,New
539,152,NC-17,7,2,8,Drama
540,97,PG-13,7,3,8,Music
541,74,NC-17,5,3,8,Animation
542,52,G,3,4,8,Action
543,116,R,5,3,8,Travel
544,147,R,4,4,8,Documentary
545,178,PG-13,4,7,8,Foreign
546,98,PG-13,7,6,8,Games
547,117,PG,3,2,8,Children
548,53,R,3,3,8,Classics
549,171,PG-13,4,7,8,Action
550,74,NC-17,6,4,8,Family
551,138,PG,3,8,8,New
552,130,PG,5,4,8,Documentary
553,136,PG-13,4,5,8,Children
554,159,G,6,10,8,Classics
555,133,PG,4,11,8,Comedy
556,127,PG-13,6,10,8,Games
557,177,PG,5,6,8,Family
558,71,PG-13,3,2,8,New
559,114,G,7,9,8,Sci-Fi
560,62,NC-17,6,5,8,Games
561,123,NC-17,6,6,8,New
562,151,PG-13,6,8,8,Music
563,165,R,6,10,8,Games
564,161,PG,4,4,8,Animation
565,56,PG-13,6,3,8,Foreign
566,72,R,6,2,8,Foreign
567,80,G,3,4,8,Foreign
568,77,NC-17,4,5,8,Comedy
569,147,G,7,3,8,Animation
570,104,NC-17,5,6,8,Sports
571,161,PG-13,6,9,8,Documentary
572,64,PG-13,4,9,8,Sci-Fi
573,105,PG-13,6,6,8,Children
574,86,G,3,5,8,Action
575,48,G,3,9,8,Documentary
576,122,PG,7,6,8,Documentary
577,64,PG,4,4,8,Sports
578,142,PG-13,4,5,8,Classics
579,149,PG-13,3,10,8,Action
580,166,PG-13,3,7,8,New
581,59,G,4,2,8,Music
582,162,PG-13,3,3,8,Animation
583,164,PG-13,3,5,8,Animation
584,180,PG-13,6,1,8,Foreign
585,105,G,4,4,8,Drama
586,60,PG,4,12,8,Action
587,77,NC-17,6,4,8,Documentary
588,175,NC-17,4,5,8,Children
589,74,PG,3,6,8,Documentary
590,135,PG,3,9,8,New
591,182,PG,6,3,8,Games
592,107,PG,6,4,8,Music
593,158,G,6,4,8,Horror
594,126,NC-17,6,4,8,Action
595,83,PG,7,10,8,Foreign
596,171,PG-13,4,6,8,Games
597,184,G,5,5,8,Games
598,57,G,6,4,8,Sports
599,103,R,3,7,8,Sports
600,166,PG,5,6,8,Horror
601,79,PG-13,4,7,8,Travel
602,146,PG,5,7,8,Sci-Fi
603,53,PG,6,7,8,Family
604,160,G,4,3,8,Comedy
605,157,PG,7,2,8,Foreign
606,160,NC-17,3,8,8,Sports
608,166,PG,6,7,8,Children
609,185,G,7,9,8,Travel
610,129,R,7,5,8,Family
611,73,PG,7,6,8,Classics
612,180,G,6,3,8,Sports
613,92,NC-17,5,2,8,Comedy
614,178,PG-13,5,6,8,Games
615,180,PG-13,6,6,8,Animation
616,92,NC-17,4,8,8,Documentary
617,50,PG-13,4,4,8,Family
618,132,PG,3,4,8,Drama
619,161,R,3,7,8,Sports
620,131,NC-17,5,5,8,Sci-Fi
621,75,PG-13,5,11,8,Family
622,159,G,4,2,8,Documentary
623,75,PG,4,7,8,Foreign
624,149,PG,3,9,8,Games
625,83,NC-17,3,8,8,Sci-Fi
626,57,G,5,5,8,Children
627,67,NC-17,4,4,8,Documentary
628,172,PG,5,7,8,Sports
629,128,NC-17,7,5,8,Documentary
630,48,PG-13,7,4,8,Drama
631,64,G,4,7,8,Sports
632,145,NC-17,5,3,8,New
633,54,PG-13,6,4,8,Classics
634,48,NC-17,6,5,8,Family
635,58,PG,7,3,8,New
636,161,PG,5,3,8,Music
637,131,PG,7,8,8,Sci-Fi
638,156,G,7,9,8,Comedy
639,92,PG,7,2,8,Family
640,102,R,5,3,8,Foreign
641,76,PG-13,4,10,8,Foreign
643,118,R,3,7,8,Drama
644,115,PG,7,9,8,Animation
645,118,PG,7,7,8,Travel
646,169,NC-17,6,6,8,Games
647,129,NC-17,4,6,8,Music
648,148,PG-13,7,7,8,Travel
649,85,R,4,7,8,Animation
650,144,G,3,8,8,Documentary
651,84,PG-13,3,7,8,Animation
652,126,R,3,6,8,Classics
653,102,G,3,2,8,Horror
654,93,G,4,5,8,Games
655,109,NC-17,5,9,8,Sci-Fi
656,128,PG,3,3,8,Travel
657,48,PG-13,5,6,8,Comedy
658,121,PG-13,7,6,8,Horror
659,109,PG-13,3,2,8,Action
660,107,PG,7,5,8,Comedy
661,157,PG-13,5,5,8,Foreign
662,118,PG,3,5,8,Drama
663,99,NC-17,7,9,8,Classics
664,65,PG,6,6,8,Action
665,175,PG,4,9,8,Horror
666,145,PG-13,4,7,8,Drama
667,160,PG-13,3,5,8,Sports
668,80,PG,7,7,8,Sports
670,48,PG,4,10,8,Documentary
672,82,PG-13,7,7,8,Comedy
673,118,PG-13,3,4,8,Music
674,99,PG,3,4,8,Foreign
675,60,NC-17,6,3,8,New
676,137,PG-13,7,8,8,Sports
677,136,NC-17,6,11,8,New
678,77,G,3,4,8,Sports
679,50,PG,6,5,8,Family
680,103,PG,4,7,8,Comedy
681,100,PG,4,7,8,Sports
682,134,PG-13,4,4,8,Family
683,60,NC-17,5,10,8,Drama
684,173,NC-17,4,3,8,Games
685,132,PG-13,6,3,8,New
686,84,R,5,5,8,New
687,138,NC-17,6,9,8,Documentary
688,61,PG,6,6,8,Children
689,137,PG,5,8,8,Foreign
690,185,PG-13,7,7,8,Animation
691,159,PG-13,6,7,8,Sports
692,179,G,3,4,8,Animation
693,115,PG,5,6,8,Animation
694,98,PG-13,6,8,8,Classics
695,144,PG,6,2,8,Family
696,114,NC-17,6,7,8,Animation
697,53,G,7,8,8,Action
698,71,NC-17,3,8,8,Documentary
699,106,PG,7,2,8,Games
700,115,R,4,5,8,Family
702,89,G,4,9,8,Horror
703,100,PG,6,2,8,Animation
704,121,NC-17,3,6,8,Comedy
705,88,R,4,5,8,Foreign
706,163,PG,5,8,8,Drama
707,177,R,5,10,8,Action
708,112,R,4,4,8,Documentary
709,147,NC-17,7,8,8,Drama
710,120,R,4,6,8,Family
711,154,R,4,5,8,Sci-Fi
714,73,NC-17,6,4,8,Sci-Fi
715,147,PG,3,8,8,Family
716,136,PG-13,6,6,8,Horror
717,97,NC-17,6,5,8,Action
718,73,G,7,2,8,Music
719,182,PG,7,2,8,Sports
720,179,NC-17,3,10,8,New
721,182,PG-13,7,2,8,Music
722,123,NC-17,5,5,8,Horror
723,82,PG-13,3,10,8,Sci-Fi
724,110,R,5,8,8,Family
725,167,R,6,10,8,Classics
726,61,PG-13,7,5,8,Foreign
727,117,PG,6,6,8,Family
728,63,R,3,7,8,Drama
729,177,PG,5,5,8,Sports
730,46,PG-13,3,10,8,New
731,153,PG-13,7,5,8,Classics
732,58,G,5,4,8,Action
733,149,PG-13,4,8,8,Sports
734,158,R,4,10,8,Documentary
735,102,PG-13,7,8,8,Children
736,134,R,4,5,8,Family
737,102,G,4,6,8,Horror
738,178,PG-13,3,12,8,Foreign
739,145,PG-13,4,4,8,Drama
740,153,PG-13,5,4,8,Horror
741,81,NC-17,7,7,8,Music
743,60,PG,7,8,8,Animation
744,89,PG-13,4,6,8,Classics
745,162,PG-13,5,11,8,Sports
746,118,NC-17,3,6,8,Games
747,171,R,5,7,8,Games
748,109,PG-13,4,9,8,Action
749,153,R,6,5,8,Horror
750,145,R,3,5,8,New
751,181,NC-17,6,2,8,New
752,101,NC-17,6,5,8,Music
753,48,PG,3,10,8,Family
754,150,PG-13,6,2,8,Comedy
755,99,PG,5,7,8,Children
756,80,PG-13,7,4,8,Comedy
757,106,G,4,5,8,Documentary
758,125,G,5,3,8,Drama
759,73,R,4,7,8,New
760,110,G,5,7,8,New
761,154,PG,7,4,8,Children
762,154,G,6,4,8,Games
763,75,G,3,5,8,Sports
764,150,G,3,10,8,Sports
765,182,R,7,5,8,Comedy
766,84,PG-13,5,3,8,Drama
767,183,NC-17,6,8,8,Music
768,102,PG-13,3,6,8,Children
769,151,PG-13,5,3,8,Foreign
770,147,G,5,5,8,Foreign
771,137,NC-17,3,7,8,Drama
772,80,PG,4,7,8,Drama
773,112,NC-17,6,10,8,Sports
774,182,NC-17,3,5,8,Comedy
775,110,PG-13,4,4,8,Drama
776,90,PG,6,5,8,Documentary
777,158,PG,5,8,8,Sports
778,109,G,3,7,8,Family
779,54,R,4,2,8,Sports
780,98,PG,7,3,8,Family
781,127,R,4,2,8,Games
782,60,PG-13,6,7,8,Sports
783,93,PG,5,6,8,Travel
784,47,PG,7,9,8,Travel
785,80,PG,6,5,8,Travel
786,113,R,7,9,8,Children
787,125,G,4,5,8,Travel
788,104,R,5,4,8,Documentary
789,79,PG-13,7,8,8,Foreign
790,67,PG-13,6,8,8,Drama
791,167,PG-13,3,8,8,Documentary
792,154,PG-13,7,2,8,Foreign
793,139,R,6,5,8,Action
794,52,G,5,5,8,Action
795,111,R,7,5,8,Family
796,135,NC-17,3,5,8,Sports
797,67,R,7,6,8,Music
798,74,PG,4,4,8,Sci-Fi
799,51,NC-17,3,3,8,Horror
800,126,PG-13,7,8,8,Horror
803,179,R,7,6,8,Drama
804,129,PG-13,7,9,8,Horror
805,64,G,5,5,8,Animation
806,137,PG,4,6,8,New
807,87,NC-17,4,8,8,Games
808,84,R,5,2,8,Classics
809,156,PG-13,5,5,8,Sports
810,147,PG,5,11,8,Family
811,60,G,4,3,8,Travel
812,50,PG-13,7,6,8,Documentary
813,184,R,7,4,8,Sports
814,110,PG,6,9,8,Comedy
815,74,PG-13,4,5,8,Classics
816,62,G,3,8,8,Animation
817,185,R,7,2,8,Sci-Fi
818,180,NC-17,4,5,8,Drama
819,165,PG-13,3,2,8,Music
820,184,NC-17,3,4,8,Animation
821,184,NC-17,6,5,8,Foreign
822,169,R,6,3,8,Family
823,143,R,4,8,8,Action
824,52,NC-17,4,5,8,Family
825,165,PG-13,6,3,8,Action
826,124,PG-13,7,3,8,Travel
827,141,NC-17,5,8,8,Drama
828,79,G,7,5,8,Classics
829,138,PG-13,7,6,8,Family
830,149,R,7,4,8,Horror
831,138,PG-13,5,4,8,Sci-Fi
832,175,PG,5,4,8,Family
833,134,R,5,9,8,Children
834,151,G,4,4,8,Documentary
835,112,PG-13,6,12,8,Games
836,136,PG,3,3,8,Sports
837,85,PG,4,4,8,Comedy
838,112,R,5,6,8,Action
839,130,PG-13,5,2,8,Sci-Fi
840,75,R,5,7,8,Games
841,181,PG,5,8,8,Sports
842,113,NC-17,4,4,8,Games
843,143,NC-17,4,12,8,Classics
844,140,PG,6,5,8,Sports
845,48,NC-17,7,11,8,Foreign
846,93,NC-17,3,10,8,New
847,160,PG,7,5,8,New
848,94,G,3,3,8,Travel
849,57,NC-17,6,12,8,Animation
850,163,R,7,10,8,Action
851,151,R,3,9,8,Sports
852,103,NC-17,4,7,8,Children
853,139,G,3,3,8,Children
854,119,R,4,4,8,Horror
855,132,PG-13,7,4,8,Documentary
856,73,R,5,11,8,Horror
857,144,PG-13,3,9,8,Comedy
858,127,R,5,6,8,Comedy
859,114,PG,3,7,8,Animation
861,111,R,3,5,8,Games
862,53,G,5,6,8,Classics
863,141,R,5,8,8,Sci-Fi
864,92,NC-17,5,6,8,Children
865,135,PG-13,3,8,8,Animation
866,48,NC-17,6,2,8,Family
867,58,PG,5,6,8,Family
868,114,PG,5,4,8,Travel
869,47,PG,4,8,8,Action
870,123,PG-13,4,9,8,Horror
871,176,PG,6,5,8,Comedy
872,185,R,3,3,8,Travel
873,108,G,3,9,8,Children
875,173,PG,6,10,8,Sports
876,91,PG-13,3,2,8,Horror
877,64,PG-13,4,8,8,Music
878,74,G,3,5,8,Travel
879,148,PG,3,9,8,Music
880,152,PG-13,6,7,8,Animation
881,71,PG,5,4,8,Horror
882,99,PG-13,4,4,8,Drama
883,53,PG,6,3,8,Children
884,88,R,5,3,8,Music
885,179,NC-17,7,3,8,Horror
886,184,PG-13,5,3,8,Animation
887,135,PG-13,5,10,8,Animation
888,53,PG-13,5,5,8,Documentary
889,111,R,3,4,8,Children
890,172,R,5,7,8,Sports
891,69,G,3,6,8,Classics
892,104,R,3,6,8,Animation
893,91,PG,4,7,8,Sci-Fi
894,68,PG,6,9,8,Travel
895,142,R,3,8,8,Classics
896,157,PG,3,6,8,Children
897,179,G,3,9,8,Drama
898,152,PG-13,4,5,8,Sports
899,144,NC-17,7,5,8,Classics
900,136,R,6,5,8,Foreign
901,142,G,3,8,8,Animation
902,170,PG,6,7,8,Sports
903,139,G,5,3,8,Travel
904,71,R,3,3,8,Horror
905,132,PG-13,7,3,8,Comedy
906,171,PG,4,7,8,Comedy
907,168,PG-13,4,5,8,Drama
908,110,G,3,5,8,Foreign
910,87,PG,3,2,8,Drama
911,64,PG-13,7,9,8,Action
912,52,PG,3,9,8,Sci-Fi
913,115,R,3,7,8,New
914,61,PG,6,6,8,Travel
915,92,G,7,7,8,Action
916,80,G,3,5,8,Animation
917,152,R,3,5,8,Sports
918,152,PG,4,5,8,Children
919,82,G,3,5,8,Games
920,62,G,3,10,8,New
921,172,PG-13,7,6,8,Music
922,107,PG-13,7,8,8,Horror
923,78,R,7,5,8,Drama
924,129,PG,7,8,8,Sci-Fi
925,164,R,3,7,8,Documentary
926,120,NC-17,5,3,8,Documentary
927,174,NC-17,6,6,8,Action
928,84,PG,5,3,8,Children
929,128,PG-13,5,5,8,Foreign
930,145,R,4,6,8,Sci-Fi
931,48,PG-13,7,5,8,Travel
932,73,G,3,5,8,Comedy
933,126,NC-17,4,3,8,New
934,122,NC-17,7,3,8,Games
935,142,R,5,2,8,New
936,123,NC-17,3,6,8,Music
937,85,NC-17,7,6,8,New
938,173,R,3,8,8,Comedy
939,90,R,4,5,8,Comedy
940,64,PG-13,6,3,8,Sports
941,145,NC-17,4,10,8,Games
942,174,PG-13,7,5,8,Drama
944,179,PG-13,6,6,8,Drama
945,164,R,5,11,8,Documentary
946,144,NC-17,3,6,8,Family
947,59,PG-13,5,2,8,Foreign
948,139,PG-13,6,9,8,New
949,157,NC-17,6,8,8,Games
951,78,PG-13,6,9,8,Classics
952,152,PG,7,3,8,Documentary
953,112,PG-13,3,9,8,Animation
956,107,PG-13,7,4,8,Games
957,80,G,7,6,8,Foreign
958,178,G,6,9,8,Drama
959,83,G,6,2,8,Children
960,128,G,5,3,8,Documentary
961,161,R,7,8,8,Foreign
962,85,PG,7,5,8,Classics
963,78,PG,5,5,8,Animation
964,61,G,4,6,8,Action
965,112,G,6,3,8,Horror
966,70,PG,3,5,8,Documentary
967,134,R,5,6,8,Sci-Fi
968,79,G,6,4,8,Action
969,159,G,4,5,8,Drama
970,52,NC-17,7,9,8,Classics
971,109,PG-13,4,4,8,Foreign
972,59,PG-13,4,9,8,Sci-Fi
973,183,NC-17,3,11,8,Documentary
974,181,R,4,1,8,New
975,137,R,6,5,8,Family
976,111,R,6,8,8,Games
977,85,R,3,2,8,Travel
978,98,R,3,3,8,Comedy
979,100,NC-17,6,9,8,Drama
980,75,PG,4,6,8,Music
981,55,NC-17,7,8,8,Travel
982,126,R,4,8,8,Action
983,105,PG,7,4,8,Music
984,126,NC-17,3,2,8,Foreign
985,111,PG,4,9,8,Sci-Fi
986,85,NC-17,6,8,8,Animation
987,116,PG,3,6,8,Music
988,139,R,7,7,8,Travel
989,74,R,4,8,8,Travel
990,171,PG-13,3,1,8,Horror
991,185,PG,4,6,8,Action
992,176,NC-17,5,4,8,Documentary
993,178,PG-13,6,8,8,Children
994,100,PG-13,6,3,8,New
995,86,R,5,8,8,Horror
996,183,G,6,3,8,Documentary
997,179,NC-17,4,3,8,Music
998,105,NC-17,6,2,8,Horror
999,101,R,5,7,8,Children
1000,50,NC-17,3,11,8,Comedy
